algorithm,size,total_comparisons,sample_count
bubble_sort,10,35,1
selection_sort,10,45,1
insertion_sort,10,21,1
merge_sort,10,23,1
quick_sort,10,25,1
bubble_sort,11,52,1
selection_sort,11,55,1
insertion_sort,11,33,1
merge_sort,11,27,1
quick_sort,11,29,1
bubble_sort,12,63,1
selection_sort,12,66,1
insertion_sort,12,36,1
merge_sort,12,31,1
quick_sort,12,41,1
bubble_sort,13,68,1
selection_sort,13,78,1
insertion_sort,13,42,1
merge_sort,13,34,1
quick_sort,13,36,1
bubble_sort,14,85,1
selection_sort,14,91,1
insertion_sort,14,54,1
merge_sort,14,38,1
quick_sort,14,39,1
bubble_sort,15,102,1
selection_sort,15,105,1
insertion_sort,15,67,1
merge_sort,15,42,1
quick_sort,15,57,1
bubble_sort,16,105,1
selection_sort,16,120,1
insertion_sort,16,63,1
merge_sort,16,46,1
quick_sort,16,44,1
bubble_sort,17,108,1
selection_sort,17,136,1
insertion_sort,17,66,1
merge_sort,17,51,1
quick_sort,17,69,1
bubble_sort,18,147,1
selection_sort,18,153,1
insertion_sort,18,87,1
merge_sort,18,57,1
quick_sort,18,54,1
bubble_sort,19,168,1
selection_sort,19,171,1
insertion_sort,19,130,1
merge_sort,19,53,1
quick_sort,19,55,1
bubble_sort,20,189,1
selection_sort,20,190,1
insertion_sort,20,81,1
merge_sort,20,63,1
quick_sort,20,88,1
bubble_sort,21,209,1
selection_sort,21,210,1
insertion_sort,21,109,1
merge_sort,21,63,1
quick_sort,21,75,1
bubble_sort,22,195,1
selection_sort,22,231,1
insertion_sort,22,106,1
merge_sort,22,76,1
quick_sort,22,66,1
bubble_sort,23,247,1
selection_sort,23,253,1
insertion_sort,23,129,1
merge_sort,23,79,1
quick_sort,23,79,1
bubble_sort,24,266,1
selection_sort,24,276,1
insertion_sort,24,148,1
merge_sort,24,84,1
quick_sort,24,83,1
bubble_sort,25,290,1
selection_sort,25,300,1
insertion_sort,25,161,1
merge_sort,25,87,1
quick_sort,25,90,1
bubble_sort,26,325,1
selection_sort,26,325,1
insertion_sort,26,195,1
merge_sort,26,92,1
quick_sort,26,111,1
bubble_sort,27,350,1
selection_sort,27,351,1
insertion_sort,27,229,1
merge_sort,27,95,1
quick_sort,27,122,1
bubble_sort,28,378,1
selection_sort,28,378,1
insertion_sort,28,219,1
merge_sort,28,96,1
quick_sort,28,137,1
bubble_sort,29,403,1
selection_sort,29,406,1
insertion_sort,29,211,1
merge_sort,29,105,1
quick_sort,29,146,1
bubble_sort,30,414,1
selection_sort,30,435,1
insertion_sort,30,206,1
merge_sort,30,109,1
quick_sort,30,131,1
bubble_sort,31,450,1
selection_sort,31,465,1
insertion_sort,31,262,1
merge_sort,31,119,1
quick_sort,31,123,1
bubble_sort,32,468,1
selection_sort,32,496,1
insertion_sort,32,280,1
merge_sort,32,126,1
quick_sort,32,133,1
bubble_sort,33,500,1
selection_sort,33,528,1
insertion_sort,33,310,1
merge_sort,33,124,1
quick_sort,33,132,1
bubble_sort,34,540,1
selection_sort,34,561,1
insertion_sort,34,336,1
merge_sort,34,137,1
quick_sort,34,127,1
bubble_sort,35,589,1
selection_sort,35,595,1
insertion_sort,35,344,1
merge_sort,35,138,1
quick_sort,35,140,1
bubble_sort,36,627,1
selection_sort,36,630,1
insertion_sort,36,394,1
merge_sort,36,142,1
quick_sort,36,153,1
bubble_sort,37,630,1
selection_sort,37,666,1
insertion_sort,37,408,1
merge_sort,37,153,1
quick_sort,37,157,1
bubble_sort,38,682,1
selection_sort,38,703,1
insertion_sort,38,368,1
merge_sort,38,157,1
quick_sort,38,170,1
bubble_sort,39,726,1
selection_sort,39,741,1
insertion_sort,39,444,1
merge_sort,39,163,1
quick_sort,39,174,1
bubble_sort,40,765,1
selection_sort,40,780,1
insertion_sort,40,432,1
merge_sort,40,165,1
quick_sort,40,164,1
bubble_sort,41,792,1
selection_sort,41,820,1
insertion_sort,41,382,1
merge_sort,41,166,1
quick_sort,41,186,1
bubble_sort,42,860,1
selection_sort,42,861,1
insertion_sort,42,507,1
merge_sort,42,180,1
quick_sort,42,219,1
bubble_sort,43,867,1
selection_sort,43,903,1
insertion_sort,43,494,1
merge_sort,43,176,1
quick_sort,43,189,1
bubble_sort,44,910,1
selection_sort,44,946,1
insertion_sort,44,468,1
merge_sort,44,184,1
quick_sort,44,237,1
bubble_sort,45,975,1
selection_sort,45,990,1
insertion_sort,45,619,1
merge_sort,45,189,1
quick_sort,45,209,1
bubble_sort,46,957,1
selection_sort,46,1035,1
insertion_sort,46,615,1
merge_sort,46,193,1
quick_sort,46,202,1
bubble_sort,47,1066,1
selection_sort,47,1081,1
insertion_sort,47,604,1
merge_sort,47,203,1
quick_sort,47,216,1
bubble_sort,48,1073,1
selection_sort,48,1128,1
insertion_sort,48,595,1
merge_sort,48,211,1
quick_sort,48,224,1
bubble_sort,49,1148,1
selection_sort,49,1176,1
insertion_sort,49,672,1
merge_sort,49,215,1
quick_sort,49,237,1
bubble_sort,50,1105,1
selection_sort,50,1225,1
insertion_sort,50,642,1
merge_sort,50,222,1
quick_sort,50,262,1
bubble_sort,51,1269,1
selection_sort,51,1275,1
insertion_sort,51,615,1
merge_sort,51,233,1
quick_sort,51,277,1
bubble_sort,52,1298,1
selection_sort,52,1326,1
insertion_sort,52,792,1
merge_sort,52,235,1
quick_sort,52,246,1
bubble_sort,53,1312,1
selection_sort,53,1378,1
insertion_sort,53,660,1
merge_sort,53,239,1
quick_sort,53,307,1
bubble_sort,54,1425,1
selection_sort,54,1431,1
insertion_sort,54,782,1
merge_sort,54,241,1
quick_sort,54,309,1
bubble_sort,55,1482,1
selection_sort,55,1485,1
insertion_sort,55,858,1
merge_sort,55,252,1
quick_sort,55,274,1
bubble_sort,56,1495,1
selection_sort,56,1540,1
insertion_sort,56,728,1
merge_sort,56,260,1
quick_sort,56,321,1
bubble_sort,57,1530,1
selection_sort,57,1596,1
insertion_sort,57,746,1
merge_sort,57,262,1
quick_sort,57,278,1
bubble_sort,58,1638,1
selection_sort,58,1653,1
insertion_sort,58,972,1
merge_sort,58,264,1
quick_sort,58,306,1
bubble_sort,59,1666,1
selection_sort,59,1711,1
insertion_sort,59,815,1
merge_sort,59,271,1
quick_sort,59,375,1
bubble_sort,60,1665,1
selection_sort,60,1770,1
insertion_sort,60,787,1
merge_sort,60,278,1
quick_sort,60,282,1
bubble_sort,61,1809,1
selection_sort,61,1830,1
insertion_sort,61,989,1
merge_sort,61,288,1
quick_sort,61,300,1
bubble_sort,62,1771,1
selection_sort,62,1891,1
insertion_sort,62,942,1
merge_sort,62,293,1
quick_sort,62,347,1
bubble_sort,63,1947,1
selection_sort,63,1953,1
insertion_sort,63,1218,1
merge_sort,63,294,1
quick_sort,63,326,1
bubble_sort,64,1880,1
selection_sort,64,2016,1
insertion_sort,64,920,1
merge_sort,64,309,1
quick_sort,64,334,1
bubble_sort,65,2079,1
selection_sort,65,2080,1
insertion_sort,65,1288,1
merge_sort,65,316,1
quick_sort,65,414,1
bubble_sort,66,2139,1
selection_sort,66,2145,1
insertion_sort,66,1202,1
merge_sort,66,318,1
quick_sort,66,420,1
bubble_sort,67,2156,1
selection_sort,67,2211,1
insertion_sort,67,1286,1
merge_sort,67,326,1
quick_sort,67,361,1
bubble_sort,68,2212,1
selection_sort,68,2278,1
insertion_sort,68,1067,1
merge_sort,68,335,1
quick_sort,68,421,1
bubble_sort,69,2301,1
selection_sort,69,2346,1
insertion_sort,69,1155,1
merge_sort,69,335,1
quick_sort,69,414,1
bubble_sort,70,2387,1
selection_sort,70,2415,1
insertion_sort,70,1418,1
merge_sort,70,345,1
quick_sort,70,407,1
bubble_sort,71,2479,1
selection_sort,71,2485,1
insertion_sort,71,1349,1
merge_sort,71,355,1
quick_sort,71,433,1
bubble_sort,72,2511,1
selection_sort,72,2556,1
insertion_sort,72,1263,1
merge_sort,72,357,1
quick_sort,72,423,1
bubble_sort,73,2607,1
selection_sort,73,2628,1
insertion_sort,73,1202,1
merge_sort,73,364,1
quick_sort,73,365,1
bubble_sort,74,2691,1
selection_sort,74,2701,1
insertion_sort,74,1497,1
merge_sort,74,367,1
quick_sort,74,371,1
bubble_sort,75,2760,1
selection_sort,75,2775,1
insertion_sort,75,1463,1
merge_sort,75,379,1
quick_sort,75,434,1
bubble_sort,76,2772,1
selection_sort,76,2850,1
insertion_sort,76,1543,1
merge_sort,76,374,1
quick_sort,76,431,1
bubble_sort,77,2835,1
selection_sort,77,2926,1
insertion_sort,77,1568,1
merge_sort,77,381,1
quick_sort,77,441,1
bubble_sort,78,2967,1
selection_sort,78,3003,1
insertion_sort,78,1524,1
merge_sort,78,393,1
quick_sort,78,563,1
bubble_sort,79,3045,1
selection_sort,79,3081,1
insertion_sort,79,1802,1
merge_sort,79,406,1
quick_sort,79,432,1
bubble_sort,80,3150,1
selection_sort,80,3160,1
insertion_sort,80,1517,1
merge_sort,80,415,1
quick_sort,80,474,1
bubble_sort,81,3069,1
selection_sort,81,3240,1
insertion_sort,81,1678,1
merge_sort,81,419,1
quick_sort,81,494,1
bubble_sort,82,3255,1
selection_sort,82,3321,1
insertion_sort,82,1654,1
merge_sort,82,417,1
quick_sort,82,473,1
bubble_sort,83,3232,1
selection_sort,83,3403,1
insertion_sort,83,1817,1
merge_sort,83,425,1
quick_sort,83,476,1
bubble_sort,84,3486,1
selection_sort,84,3486,1
insertion_sort,84,1905,1
merge_sort,84,423,1
quick_sort,84,614,1
bubble_sort,85,3534,1
selection_sort,85,3570,1
insertion_sort,85,1827,1
merge_sort,85,440,1
quick_sort,85,507,1
bubble_sort,86,3610,1
selection_sort,86,3655,1
insertion_sort,86,1981,1
merge_sort,86,455,1
quick_sort,86,491,1
bubble_sort,87,3675,1
selection_sort,87,3741,1
insertion_sort,87,1811,1
merge_sort,87,453,1
quick_sort,87,559,1
bubble_sort,88,3813,1
selection_sort,88,3828,1
insertion_sort,88,2166,1
merge_sort,88,452,1
quick_sort,88,568,1
bubble_sort,89,3663,1
selection_sort,89,3916,1
insertion_sort,89,1974,1
merge_sort,89,467,1
quick_sort,89,558,1
bubble_sort,90,3927,1
selection_sort,90,4005,1
insertion_sort,90,1936,1
merge_sort,90,473,1
quick_sort,90,509,1
bubble_sort,91,3942,1
selection_sort,91,4095,1
insertion_sort,91,2048,1
merge_sort,91,488,1
quick_sort,91,507,1
bubble_sort,92,4186,1
selection_sort,92,4186,1
insertion_sort,92,2165,1
merge_sort,92,490,1
quick_sort,92,667,1
bubble_sort,93,4257,1
selection_sort,93,4278,1
insertion_sort,93,2385,1
merge_sort,93,495,1
quick_sort,93,659,1
bubble_sort,94,4266,1
selection_sort,94,4371,1
insertion_sort,94,2484,1
merge_sort,94,498,1
quick_sort,94,525,1
bubble_sort,95,4450,1
selection_sort,95,4465,1
insertion_sort,95,2179,1
merge_sort,95,506,1
quick_sort,95,652,1
bubble_sort,96,4554,1
selection_sort,96,4560,1
insertion_sort,96,2514,1
merge_sort,96,512,1
quick_sort,96,580,1
bubble_sort,97,4656,1
selection_sort,97,4656,1
insertion_sort,97,2229,1
merge_sort,97,530,1
quick_sort,97,812,1
bubble_sort,98,4725,1
selection_sort,98,4753,1
insertion_sort,98,2340,1
merge_sort,98,534,1
quick_sort,98,629,1
bubble_sort,99,4760,1
selection_sort,99,4851,1
insertion_sort,99,2460,1
merge_sort,99,541,1
quick_sort,99,606,1
bubble_sort,100,4929,1
selection_sort,100,4950,1
insertion_sort,100,2389,1
merge_sort,100,552,1
quick_sort,100,601,1
bubble_sort,10,35,1
selection_sort,10,45,1
insertion_sort,10,20,1
merge_sort,10,21,1
quick_sort,10,28,1
bubble_sort,11,55,1
selection_sort,11,55,1
insertion_sort,11,40,1
merge_sort,11,26,1
quick_sort,11,28,1
bubble_sort,12,63,1
selection_sort,12,66,1
insertion_sort,12,44,1
merge_sort,12,30,1
quick_sort,12,27,1
bubble_sort,13,78,1
selection_sort,13,78,1
insertion_sort,13,52,1
merge_sort,13,35,1
quick_sort,13,35,1
bubble_sort,14,55,1
selection_sort,14,91,1
insertion_sort,14,43,1
merge_sort,14,39,1
quick_sort,14,51,1
bubble_sort,15,105,1
selection_sort,15,105,1
insertion_sort,15,60,1
merge_sort,15,43,1
quick_sort,15,62,1
bubble_sort,16,119,1
selection_sort,16,120,1
insertion_sort,16,70,1
merge_sort,16,44,1
quick_sort,16,52,1
bubble_sort,17,135,1
selection_sort,17,136,1
insertion_sort,17,78,1
merge_sort,17,52,1
quick_sort,17,61,1
bubble_sort,18,153,1
selection_sort,18,153,1
insertion_sort,18,84,1
merge_sort,18,56,1
quick_sort,18,69,1
bubble_sort,19,170,1
selection_sort,19,171,1
insertion_sort,19,90,1
merge_sort,19,56,1
quick_sort,19,68,1
bubble_sort,20,135,1
selection_sort,20,190,1
insertion_sort,20,89,1
merge_sort,20,64,1
quick_sort,20,81,1
bubble_sort,21,210,1
selection_sort,21,210,1
insertion_sort,21,124,1
merge_sort,21,70,1
quick_sort,21,71,1
bubble_sort,22,195,1
selection_sort,22,231,1
insertion_sort,22,103,1
merge_sort,22,74,1
quick_sort,22,76,1
bubble_sort,23,238,1
selection_sort,23,253,1
insertion_sort,23,147,1
merge_sort,23,77,1
quick_sort,23,101,1
bubble_sort,24,275,1
selection_sort,24,276,1
insertion_sort,24,193,1
merge_sort,24,80,1
quick_sort,24,78,1
bubble_sort,25,285,1
selection_sort,25,300,1
insertion_sort,25,178,1
merge_sort,25,88,1
quick_sort,25,88,1
bubble_sort,26,304,1
selection_sort,26,325,1
insertion_sort,26,149,1
merge_sort,26,88,1
quick_sort,26,90,1
bubble_sort,27,341,1
selection_sort,27,351,1
insertion_sort,27,209,1
merge_sort,27,94,1
quick_sort,27,115,1
bubble_sort,28,363,1
selection_sort,28,378,1
insertion_sort,28,215,1
merge_sort,28,101,1
quick_sort,28,107,1
bubble_sort,29,391,1
selection_sort,29,406,1
insertion_sort,29,225,1
merge_sort,29,106,1
quick_sort,29,128,1
bubble_sort,30,390,1
selection_sort,30,435,1
insertion_sort,30,212,1
merge_sort,30,108,1
quick_sort,30,139,1
bubble_sort,31,455,1
selection_sort,31,465,1
insertion_sort,31,271,1
merge_sort,31,116,1
quick_sort,31,145,1
bubble_sort,32,490,1
selection_sort,32,496,1
insertion_sort,32,307,1
merge_sort,32,119,1
quick_sort,32,142,1
bubble_sort,33,518,1
selection_sort,33,528,1
insertion_sort,33,281,1
merge_sort,33,129,1
quick_sort,33,137,1
bubble_sort,34,546,1
selection_sort,34,561,1
insertion_sort,34,268,1
merge_sort,34,133,1
quick_sort,34,191,1
bubble_sort,35,574,1
selection_sort,35,595,1
insertion_sort,35,296,1
merge_sort,35,139,1
quick_sort,35,159,1
bubble_sort,36,620,1
selection_sort,36,630,1
insertion_sort,36,359,1
merge_sort,36,146,1
quick_sort,36,161,1
bubble_sort,37,666,1
selection_sort,37,666,1
insertion_sort,37,406,1
merge_sort,37,143,1
quick_sort,37,171,1
bubble_sort,38,688,1
selection_sort,38,703,1
insertion_sort,38,404,1
merge_sort,38,152,1
quick_sort,38,199,1
bubble_sort,39,738,1
selection_sort,39,741,1
insertion_sort,39,424,1
merge_sort,39,159,1
quick_sort,39,199,1
bubble_sort,40,777,1
selection_sort,40,780,1
insertion_sort,40,408,1
merge_sort,40,163,1
quick_sort,40,188,1
bubble_sort,41,792,1
selection_sort,41,820,1
insertion_sort,41,479,1
merge_sort,41,172,1
quick_sort,41,169,1
bubble_sort,42,851,1
selection_sort,42,861,1
insertion_sort,42,539,1
merge_sort,42,175,1
quick_sort,42,197,1
bubble_sort,43,875,1
selection_sort,43,903,1
insertion_sort,43,556,1
merge_sort,43,185,1
quick_sort,43,209,1
bubble_sort,44,943,1
selection_sort,44,946,1
insertion_sort,44,552,1
merge_sort,44,187,1
quick_sort,44,212,1
bubble_sort,45,990,1
selection_sort,45,990,1
insertion_sort,45,619,1
merge_sort,45,193,1
quick_sort,45,266,1
bubble_sort,46,1035,1
selection_sort,46,1035,1
insertion_sort,46,633,1
merge_sort,46,204,1
quick_sort,46,288,1
bubble_sort,47,1066,1
selection_sort,47,1081,1
insertion_sort,47,661,1
merge_sort,47,206,1
quick_sort,47,253,1
bubble_sort,48,1073,1
selection_sort,48,1128,1
insertion_sort,48,538,1
merge_sort,48,207,1
quick_sort,48,224,1
bubble_sort,49,1110,1
selection_sort,49,1176,1
insertion_sort,49,660,1
merge_sort,49,217,1
quick_sort,49,240,1
bubble_sort,50,1170,1
selection_sort,50,1225,1
insertion_sort,50,685,1
merge_sort,50,223,1
quick_sort,50,258,1
bubble_sort,51,1272,1
selection_sort,51,1275,1
insertion_sort,51,675,1
merge_sort,51,226,1
quick_sort,51,259,1
bubble_sort,52,1298,1
selection_sort,52,1326,1
insertion_sort,52,752,1
merge_sort,52,233,1
quick_sort,52,241,1
bubble_sort,53,1357,1
selection_sort,53,1378,1
insertion_sort,53,835,1
merge_sort,53,236,1
quick_sort,53,257,1
bubble_sort,54,1431,1
selection_sort,54,1431,1
insertion_sort,54,885,1
merge_sort,54,242,1
quick_sort,54,317,1
bubble_sort,55,1430,1
selection_sort,55,1485,1
insertion_sort,55,719,1
merge_sort,55,246,1
quick_sort,55,288,1
bubble_sort,56,1540,1
selection_sort,56,1540,1
insertion_sort,56,935,1
merge_sort,56,256,1
quick_sort,56,350,1
bubble_sort,57,1586,1
selection_sort,57,1596,1
insertion_sort,57,937,1
merge_sort,57,262,1
quick_sort,57,354,1
bubble_sort,58,1617,1
selection_sort,58,1653,1
insertion_sort,58,980,1
merge_sort,58,271,1
quick_sort,58,316,1
bubble_sort,59,1683,1
selection_sort,59,1711,1
insertion_sort,59,891,1
merge_sort,59,277,1
quick_sort,59,302,1
bubble_sort,60,1715,1
selection_sort,60,1770,1
insertion_sort,60,1007,1
merge_sort,60,280,1
quick_sort,60,334,1
bubble_sort,61,1802,1
selection_sort,61,1830,1
insertion_sort,61,917,1
merge_sort,61,284,1
quick_sort,61,415,1
bubble_sort,62,1738,1
selection_sort,62,1891,1
insertion_sort,62,944,1
merge_sort,62,294,1
quick_sort,62,330,1
bubble_sort,63,1947,1
selection_sort,63,1953,1
insertion_sort,63,961,1
merge_sort,63,300,1
quick_sort,63,329,1
bubble_sort,64,1961,1
selection_sort,64,2016,1
insertion_sort,64,1152,1
merge_sort,64,303,1
quick_sort,64,415,1
bubble_sort,65,1989,1
selection_sort,65,2080,1
insertion_sort,65,1085,1
merge_sort,65,311,1
quick_sort,65,349,1
bubble_sort,66,2117,1
selection_sort,66,2145,1
insertion_sort,66,1100,1
merge_sort,66,314,1
quick_sort,66,338,1
bubble_sort,67,2201,1
selection_sort,67,2211,1
insertion_sort,67,1157,1
merge_sort,67,324,1
quick_sort,67,424,1
bubble_sort,68,2173,1
selection_sort,68,2278,1
insertion_sort,68,1108,1
merge_sort,68,338,1
quick_sort,68,349,1
bubble_sort,69,2325,1
selection_sort,69,2346,1
insertion_sort,69,1098,1
merge_sort,69,339,1
quick_sort,69,361,1
bubble_sort,70,2370,1
selection_sort,70,2415,1
insertion_sort,70,1148,1
merge_sort,70,335,1
quick_sort,70,336,1
bubble_sort,71,2457,1
selection_sort,71,2485,1
insertion_sort,71,1305,1
merge_sort,71,352,1
quick_sort,71,475,1
bubble_sort,72,2478,1
selection_sort,72,2556,1
insertion_sort,72,1413,1
merge_sort,72,354,1
quick_sort,72,371,1
bubble_sort,73,2562,1
selection_sort,73,2628,1
insertion_sort,73,1166,1
merge_sort,73,369,1
quick_sort,73,413,1
bubble_sort,74,2581,1
selection_sort,74,2701,1
insertion_sort,74,1566,1
merge_sort,74,369,1
quick_sort,74,384,1
bubble_sort,75,2754,1
selection_sort,75,2775,1
insertion_sort,75,1364,1
merge_sort,75,375,1
quick_sort,75,506,1
bubble_sort,76,2822,1
selection_sort,76,2850,1
insertion_sort,76,1375,1
merge_sort,76,386,1
quick_sort,76,417,1
bubble_sort,77,2898,1
selection_sort,77,2926,1
insertion_sort,77,1627,1
merge_sort,77,390,1
quick_sort,77,446,1
bubble_sort,78,2982,1
selection_sort,78,3003,1
insertion_sort,78,1646,1
merge_sort,78,400,1
quick_sort,78,488,1
bubble_sort,79,2990,1
selection_sort,79,3081,1
insertion_sort,79,1620,1
merge_sort,79,392,1
quick_sort,79,431,1
bubble_sort,80,3150,1
selection_sort,80,3160,1
insertion_sort,80,1759,1
merge_sort,80,409,1
quick_sort,80,542,1
bubble_sort,81,3174,1
selection_sort,81,3240,1
insertion_sort,81,1580,1
merge_sort,81,421,1
quick_sort,81,447,1
bubble_sort,82,3185,1
selection_sort,82,3321,1
insertion_sort,82,1764,1
merge_sort,82,418,1
quick_sort,82,460,1
bubble_sort,83,3358,1
selection_sort,83,3403,1
insertion_sort,83,1660,1
merge_sort,83,427,1
quick_sort,83,576,1
bubble_sort,84,3395,1
selection_sort,84,3486,1
insertion_sort,84,1719,1
merge_sort,84,440,1
quick_sort,84,493,1
bubble_sort,85,3555,1
selection_sort,85,3570,1
insertion_sort,85,1831,1
merge_sort,85,443,1
quick_sort,85,567,1
bubble_sort,86,3619,1
selection_sort,86,3655,1
insertion_sort,86,1832,1
merge_sort,86,456,1
quick_sort,86,582,1
bubble_sort,87,3650,1
selection_sort,87,3741,1
insertion_sort,87,1982,1
merge_sort,87,458,1
quick_sort,87,485,1
bubble_sort,88,3827,1
selection_sort,88,3828,1
insertion_sort,88,2317,1
merge_sort,88,470,1
quick_sort,88,587,1
bubble_sort,89,3763,1
selection_sort,89,3916,1
insertion_sort,89,2149,1
merge_sort,89,475,1
quick_sort,89,528,1
bubble_sort,90,4005,1
selection_sort,90,4005,1
insertion_sort,90,1989,1
merge_sort,90,476,1
quick_sort,90,686,1
bubble_sort,91,4040,1
selection_sort,91,4095,1
insertion_sort,91,2135,1
merge_sort,91,485,1
quick_sort,91,566,1
bubble_sort,92,4120,1
selection_sort,92,4186,1
insertion_sort,92,1944,1
merge_sort,92,481,1
quick_sort,92,510,1
bubble_sort,93,4233,1
selection_sort,93,4278,1
insertion_sort,93,2390,1
merge_sort,93,497,1
quick_sort,93,522,1
bubble_sort,94,4218,1
selection_sort,94,4371,1
insertion_sort,94,2125,1
merge_sort,94,499,1
quick_sort,94,648,1
bubble_sort,95,4464,1
selection_sort,95,4465,1
insertion_sort,95,2293,1
merge_sort,95,511,1
quick_sort,95,729,1
bubble_sort,96,4545,1
selection_sort,96,4560,1
insertion_sort,96,2406,1
merge_sort,96,512,1
quick_sort,96,610,1
bubble_sort,97,4590,1
selection_sort,97,4656,1
insertion_sort,97,2302,1
merge_sort,97,513,1
quick_sort,97,580,1
bubble_sort,98,4738,1
selection_sort,98,4753,1
insertion_sort,98,2366,1
merge_sort,98,526,1
quick_sort,98,658,1
bubble_sort,99,4661,1
selection_sort,99,4851,1
insertion_sort,99,2328,1
merge_sort,99,528,1
quick_sort,99,664,1
bubble_sort,100,4944,1
selection_sort,100,4950,1
insertion_sort,100,2679,1
merge_sort,100,542,1
quick_sort,100,656,1
bubble_sort,10,45,1
selection_sort,10,45,1
insertion_sort,10,24,1
merge_sort,10,22,1
quick_sort,10,28,1
bubble_sort,11,49,1
selection_sort,11,55,1
insertion_sort,11,31,1
merge_sort,11,28,1
quick_sort,11,31,1
bubble_sort,12,60,1
selection_sort,12,66,1
insertion_sort,12,37,1
merge_sort,12,29,1
quick_sort,12,28,1
bubble_sort,13,57,1
selection_sort,13,78,1
insertion_sort,13,35,1
merge_sort,13,32,1
quick_sort,13,34,1
bubble_sort,14,63,1
selection_sort,14,91,1
insertion_sort,14,46,1
merge_sort,14,39,1
quick_sort,14,43,1
bubble_sort,15,105,1
selection_sort,15,105,1
insertion_sort,15,86,1
merge_sort,15,40,1
quick_sort,15,57,1
bubble_sort,16,110,1
selection_sort,16,120,1
insertion_sort,16,60,1
merge_sort,16,46,1
quick_sort,16,45,1
bubble_sort,17,108,1
selection_sort,17,136,1
insertion_sort,17,68,1
merge_sort,17,51,1
quick_sort,17,48,1
bubble_sort,18,152,1
selection_sort,18,153,1
insertion_sort,18,76,1
merge_sort,18,52,1
quick_sort,18,55,1
bubble_sort,19,171,1
selection_sort,19,171,1
insertion_sort,19,144,1
merge_sort,19,57,1
quick_sort,19,89,1
bubble_sort,20,162,1
selection_sort,20,190,1
insertion_sort,20,127,1
merge_sort,20,64,1
quick_sort,20,62,1
bubble_sort,21,209,1
selection_sort,21,210,1
insertion_sort,21,123,1
merge_sort,21,70,1
quick_sort,21,87,1
bubble_sort,22,231,1
selection_sort,22,231,1
insertion_sort,22,167,1
merge_sort,22,73,1
quick_sort,22,81,1
bubble_sort,23,243,1
selection_sort,23,253,1
insertion_sort,23,142,1
merge_sort,23,79,1
quick_sort,23,84,1
bubble_sort,24,266,1
selection_sort,24,276,1
insertion_sort,24,136,1
merge_sort,24,82,1
quick_sort,24,91,1
bubble_sort,25,300,1
selection_sort,25,300,1
insertion_sort,25,188,1
merge_sort,25,87,1
quick_sort,25,119,1
bubble_sort,26,304,1
selection_sort,26,325,1
insertion_sort,26,188,1
merge_sort,26,94,1
quick_sort,26,99,1
bubble_sort,27,336,1
selection_sort,27,351,1
insertion_sort,27,196,1
merge_sort,27,100,1
quick_sort,27,105,1
bubble_sort,28,342,1
selection_sort,28,378,1
insertion_sort,28,219,1
merge_sort,28,100,1
quick_sort,28,108,1
bubble_sort,29,391,1
selection_sort,29,406,1
insertion_sort,29,219,1
merge_sort,29,109,1
quick_sort,29,110,1
bubble_sort,30,414,1
selection_sort,30,435,1
insertion_sort,30,199,1
merge_sort,30,108,1
quick_sort,30,123,1
bubble_sort,31,455,1
selection_sort,31,465,1
insertion_sort,31,260,1
merge_sort,31,119,1
quick_sort,31,127,1
bubble_sort,32,490,1
selection_sort,32,496,1
insertion_sort,32,207,1
merge_sort,32,123,1
quick_sort,32,166,1
bubble_sort,33,525,1
selection_sort,33,528,1
insertion_sort,33,320,1
merge_sort,33,121,1
quick_sort,33,132,1
bubble_sort,34,560,1
selection_sort,34,561,1
insertion_sort,34,274,1
merge_sort,34,129,1
quick_sort,34,211,1
bubble_sort,35,594,1
selection_sort,35,595,1
insertion_sort,35,353,1
merge_sort,35,132,1
quick_sort,35,166,1
bubble_sort,36,552,1
selection_sort,36,630,1
insertion_sort,36,344,1
merge_sort,36,140,1
quick_sort,36,148,1
bubble_sort,37,645,1
selection_sort,37,666,1
insertion_sort,37,336,1
merge_sort,37,154,1
quick_sort,37,166,1
bubble_sort,38,612,1
selection_sort,38,703,1
insertion_sort,38,265,1
merge_sort,38,161,1
quick_sort,38,154,1
bubble_sort,39,726,1
selection_sort,39,741,1
insertion_sort,39,359,1
merge_sort,39,163,1
quick_sort,39,190,1
bubble_sort,40,752,1
selection_sort,40,780,1
insertion_sort,40,474,1
merge_sort,40,167,1
quick_sort,40,172,1
bubble_sort,41,765,1
selection_sort,41,820,1
insertion_sort,41,457,1
merge_sort,41,174,1
quick_sort,41,196,1
bubble_sort,42,806,1
selection_sort,42,861,1
insertion_sort,42,468,1
merge_sort,42,182,1
quick_sort,42,183,1
bubble_sort,43,888,1
selection_sort,43,903,1
insertion_sort,43,591,1
merge_sort,43,180,1
quick_sort,43,189,1
bubble_sort,44,826,1
selection_sort,44,946,1
insertion_sort,44,445,1
merge_sort,44,185,1
quick_sort,44,212,1
bubble_sort,45,989,1
selection_sort,45,990,1
insertion_sort,45,501,1
merge_sort,45,197,1
quick_sort,45,217,1
bubble_sort,46,990,1
selection_sort,46,1035,1
insertion_sort,46,523,1
merge_sort,46,196,1
quick_sort,46,200,1
bubble_sort,47,1015,1
selection_sort,47,1081,1
insertion_sort,47,524,1
merge_sort,47,207,1
quick_sort,47,230,1
bubble_sort,48,1118,1
selection_sort,48,1128,1
insertion_sort,48,645,1
merge_sort,48,215,1
quick_sort,48,283,1
bubble_sort,49,1170,1
selection_sort,49,1176,1
insertion_sort,49,672,1
merge_sort,49,219,1
quick_sort,49,218,1
bubble_sort,50,1159,1
selection_sort,50,1225,1
insertion_sort,50,718,1
merge_sort,50,218,1
quick_sort,50,290,1
bubble_sort,51,1247,1
selection_sort,51,1275,1
insertion_sort,51,688,1
merge_sort,51,232,1
quick_sort,51,274,1
bubble_sort,52,1290,1
selection_sort,52,1326,1
insertion_sort,52,730,1
merge_sort,52,240,1
quick_sort,52,317,1
bubble_sort,53,1273,1
selection_sort,53,1378,1
insertion_sort,53,636,1
merge_sort,53,240,1
quick_sort,53,249,1
bubble_sort,54,1365,1
selection_sort,54,1431,1
insertion_sort,54,820,1
merge_sort,54,252,1
quick_sort,54,268,1
bubble_sort,55,1380,1
selection_sort,55,1485,1
insertion_sort,55,717,1
merge_sort,55,254,1
quick_sort,55,307,1
bubble_sort,56,1495,1
selection_sort,56,1540,1
insertion_sort,56,834,1
merge_sort,56,257,1
quick_sort,56,279,1
bubble_sort,57,1406,1
selection_sort,57,1596,1
insertion_sort,57,797,1
merge_sort,57,258,1
quick_sort,57,319,1
bubble_sort,58,1632,1
selection_sort,58,1653,1
insertion_sort,58,837,1
merge_sort,58,266,1
quick_sort,58,287,1
bubble_sort,59,1540,1
selection_sort,59,1711,1
insertion_sort,59,829,1
merge_sort,59,267,1
quick_sort,59,302,1
bubble_sort,60,1734,1
selection_sort,60,1770,1
insertion_sort,60,874,1
merge_sort,60,280,1
quick_sort,60,314,1
bubble_sort,61,1827,1
selection_sort,61,1830,1
insertion_sort,61,899,1
merge_sort,61,288,1
quick_sort,61,325,1
bubble_sort,62,1870,1
selection_sort,62,1891,1
insertion_sort,62,960,1
merge_sort,62,290,1
quick_sort,62,338,1
bubble_sort,63,1938,1
selection_sort,63,1953,1
insertion_sort,63,1108,1
merge_sort,63,299,1
quick_sort,63,354,1
bubble_sort,64,2006,1
selection_sort,64,2016,1
insertion_sort,64,1043,1
merge_sort,64,304,1
quick_sort,64,392,1
bubble_sort,65,2025,1
selection_sort,65,2080,1
insertion_sort,65,1294,1
merge_sort,65,309,1
quick_sort,65,352,1
bubble_sort,66,2139,1
selection_sort,66,2145,1
insertion_sort,66,1115,1
merge_sort,66,314,1
quick_sort,66,338,1
bubble_sort,67,2175,1
selection_sort,67,2211,1
insertion_sort,67,1194,1
merge_sort,67,323,1
quick_sort,67,361,1
bubble_sort,68,2250,1
selection_sort,68,2278,1
insertion_sort,68,1190,1
merge_sort,68,333,1
quick_sort,68,384,1
bubble_sort,69,2301,1
selection_sort,69,2346,1
insertion_sort,69,1338,1
merge_sort,69,337,1
quick_sort,69,378,1
bubble_sort,70,2360,1
selection_sort,70,2415,1
insertion_sort,70,1384,1
merge_sort,70,344,1
quick_sort,70,423,1
bubble_sort,71,2457,1
selection_sort,71,2485,1
insertion_sort,71,1271,1
merge_sort,71,349,1
quick_sort,71,518,1
bubble_sort,72,2553,1
selection_sort,72,2556,1
insertion_sort,72,1378,1
merge_sort,72,361,1
quick_sort,72,392,1
bubble_sort,73,2573,1
selection_sort,73,2628,1
insertion_sort,73,1390,1
merge_sort,73,367,1
quick_sort,73,391,1
bubble_sort,74,2673,1
selection_sort,74,2701,1
insertion_sort,74,1786,1
merge_sort,74,366,1
quick_sort,74,407,1
bubble_sort,75,2747,1
selection_sort,75,2775,1
insertion_sort,75,1480,1
merge_sort,75,376,1
quick_sort,75,516,1
bubble_sort,76,2714,1
selection_sort,76,2850,1
insertion_sort,76,1345,1
merge_sort,76,384,1
quick_sort,76,464,1
bubble_sort,77,2848,1
selection_sort,77,2926,1
insertion_sort,77,1240,1
merge_sort,77,388,1
quick_sort,77,504,1
bubble_sort,78,2912,1
selection_sort,78,3003,1
insertion_sort,78,1701,1
merge_sort,78,387,1
quick_sort,78,416,1
bubble_sort,79,3071,1
selection_sort,79,3081,1
insertion_sort,79,1695,1
merge_sort,79,398,1
quick_sort,79,445,1
bubble_sort,80,3007,1
selection_sort,80,3160,1
insertion_sort,80,1462,1
merge_sort,80,409,1
quick_sort,80,505,1
bubble_sort,81,3240,1
selection_sort,81,3240,1
insertion_sort,81,1623,1
merge_sort,81,421,1
quick_sort,81,629,1
bubble_sort,82,3293,1
selection_sort,82,3321,1
insertion_sort,82,1564,1
merge_sort,82,415,1
quick_sort,82,559,1
bubble_sort,83,3337,1
selection_sort,83,3403,1
insertion_sort,83,1770,1
merge_sort,83,426,1
quick_sort,83,473,1
bubble_sort,84,3420,1
selection_sort,84,3486,1
insertion_sort,84,1884,1
merge_sort,84,433,1
quick_sort,84,471,1
bubble_sort,85,3570,1
selection_sort,85,3570,1
insertion_sort,85,2023,1
merge_sort,85,433,1
quick_sort,85,589,1
bubble_sort,86,3627,1
selection_sort,86,3655,1
insertion_sort,86,1813,1
merge_sort,86,448,1
quick_sort,86,534,1
bubble_sort,87,3731,1
selection_sort,87,3741,1
insertion_sort,87,2062,1
merge_sort,87,446,1
quick_sort,87,563,1
bubble_sort,88,3792,1
selection_sort,88,3828,1
insertion_sort,88,2071,1
merge_sort,88,458,1
quick_sort,88,573,1
bubble_sort,89,3811,1
selection_sort,89,3916,1
insertion_sort,89,2125,1
merge_sort,89,468,1
quick_sort,89,564,1
bubble_sort,90,3939,1
selection_sort,90,4005,1
insertion_sort,90,1807,1
merge_sort,90,473,1
quick_sort,90,576,1
bubble_sort,91,3990,1
selection_sort,91,4095,1
insertion_sort,91,2175,1
merge_sort,91,482,1
quick_sort,91,490,1
bubble_sort,92,4171,1
selection_sort,92,4186,1
insertion_sort,92,2019,1
merge_sort,92,488,1
quick_sort,92,567,1
bubble_sort,93,4173,1
selection_sort,93,4278,1
insertion_sort,93,2245,1
merge_sort,93,491,1
quick_sort,93,637,1
bubble_sort,94,4280,1
selection_sort,94,4371,1
insertion_sort,94,2190,1
merge_sort,94,503,1
quick_sort,94,545,1
bubble_sort,95,4275,1
selection_sort,95,4465,1
insertion_sort,95,2174,1
merge_sort,95,512,1
quick_sort,95,599,1
bubble_sort,96,4539,1
selection_sort,96,4560,1
insertion_sort,96,2324,1
merge_sort,96,510,1
quick_sort,96,544,1
bubble_sort,97,4611,1
selection_sort,97,4656,1
insertion_sort,97,2392,1
merge_sort,97,528,1
quick_sort,97,648,1
bubble_sort,98,4708,1
selection_sort,98,4753,1
insertion_sort,98,2466,1
merge_sort,98,522,1
quick_sort,98,591,1
bubble_sort,99,4845,1
selection_sort,99,4851,1
insertion_sort,99,2457,1
merge_sort,99,528,1
quick_sort,99,608,1
bubble_sort,100,4895,1
selection_sort,100,4950,1
insertion_sort,100,2754,1
merge_sort,100,544,1
quick_sort,100,597,1
bubble_sort,10,44,1
selection_sort,10,45,1
insertion_sort,10,32,1
merge_sort,10,21,1
quick_sort,10,22,1
bubble_sort,11,49,1
selection_sort,11,55,1
insertion_sort,11,30,1
merge_sort,11,29,1
quick_sort,11,27,1
bubble_sort,12,66,1
selection_sort,12,66,1
insertion_sort,12,31,1
merge_sort,12,28,1
quick_sort,12,36,1
bubble_sort,13,77,1
selection_sort,13,78,1
insertion_sort,13,40,1
merge_sort,13,34,1
quick_sort,13,39,1
bubble_sort,14,88,1
selection_sort,14,91,1
insertion_sort,14,55,1
merge_sort,14,39,1
quick_sort,14,36,1
bubble_sort,15,102,1
selection_sort,15,105,1
insertion_sort,15,59,1
merge_sort,15,44,1
quick_sort,15,49,1
bubble_sort,16,119,1
selection_sort,16,120,1
insertion_sort,16,91,1
merge_sort,16,45,1
quick_sort,16,51,1
bubble_sort,17,126,1
selection_sort,17,136,1
insertion_sort,17,84,1
merge_sort,17,50,1
quick_sort,17,49,1
bubble_sort,18,152,1
selection_sort,18,153,1
insertion_sort,18,93,1
merge_sort,18,55,1
quick_sort,18,69,1
bubble_sort,19,143,1
selection_sort,19,171,1
insertion_sort,19,94,1
merge_sort,19,56,1
quick_sort,19,61,1
bubble_sort,20,190,1
selection_sort,20,190,1
insertion_sort,20,110,1
merge_sort,20,58,1
quick_sort,20,72,1
bubble_sort,21,195,1
selection_sort,21,210,1
insertion_sort,21,140,1
merge_sort,21,70,1
quick_sort,21,69,1
bubble_sort,22,210,1
selection_sort,22,231,1
insertion_sort,22,114,1
merge_sort,22,73,1
quick_sort,22,78,1
bubble_sort,23,232,1
selection_sort,23,253,1
insertion_sort,23,148,1
merge_sort,23,77,1
quick_sort,23,94,1
bubble_sort,24,270,1
selection_sort,24,276,1
insertion_sort,24,163,1
merge_sort,24,85,1
quick_sort,24,91,1
bubble_sort,25,272,1
selection_sort,25,300,1
insertion_sort,25,143,1
merge_sort,25,89,1
quick_sort,25,89,1
bubble_sort,26,315,1
selection_sort,26,325,1
insertion_sort,26,190,1
merge_sort,26,93,1
quick_sort,26,145,1
bubble_sort,27,336,1
selection_sort,27,351,1
insertion_sort,27,220,1
merge_sort,27,95,1
quick_sort,27,96,1
bubble_sort,28,372,1
selection_sort,28,378,1
insertion_sort,28,219,1
merge_sort,28,103,1
quick_sort,28,105,1
bubble_sort,29,405,1
selection_sort,29,406,1
insertion_sort,29,247,1
merge_sort,29,103,1
quick_sort,29,129,1
bubble_sort,30,432,1
selection_sort,30,435,1
insertion_sort,30,208,1
merge_sort,30,113,1
quick_sort,30,145,1
bubble_sort,31,459,1
selection_sort,31,465,1
insertion_sort,31,292,1
merge_sort,31,114,1
quick_sort,31,125,1
bubble_sort,32,481,1
selection_sort,32,496,1
insertion_sort,32,231,1
merge_sort,32,119,1
quick_sort,32,148,1
bubble_sort,33,522,1
selection_sort,33,528,1
insertion_sort,33,292,1
merge_sort,33,130,1
quick_sort,33,152,1
bubble_sort,34,551,1
selection_sort,34,561,1
insertion_sort,34,313,1
merge_sort,34,137,1
quick_sort,34,126,1
bubble_sort,35,559,1
selection_sort,35,595,1
insertion_sort,35,330,1
merge_sort,35,135,1
quick_sort,35,146,1
bubble_sort,36,575,1
selection_sort,36,630,1
insertion_sort,36,336,1
merge_sort,36,146,1
quick_sort,36,169,1
bubble_sort,37,656,1
selection_sort,37,666,1
insertion_sort,37,356,1
merge_sort,37,156,1
quick_sort,37,147,1
bubble_sort,38,703,1
selection_sort,38,703,1
insertion_sort,38,412,1
merge_sort,38,156,1
quick_sort,38,209,1
bubble_sort,39,705,1
selection_sort,39,741,1
insertion_sort,39,387,1
merge_sort,39,157,1
quick_sort,39,172,1
bubble_sort,40,744,1
selection_sort,40,780,1
insertion_sort,40,386,1
merge_sort,40,169,1
quick_sort,40,157,1
bubble_sort,41,819,1
selection_sort,41,820,1
insertion_sort,41,440,1
merge_sort,41,166,1
quick_sort,41,226,1
bubble_sort,42,756,1
selection_sort,42,861,1
insertion_sort,42,457,1
merge_sort,42,175,1
quick_sort,42,187,1
bubble_sort,43,897,1
selection_sort,43,903,1
insertion_sort,43,401,1
merge_sort,43,179,1
quick_sort,43,196,1
bubble_sort,44,931,1
selection_sort,44,946,1
insertion_sort,44,549,1
merge_sort,44,186,1
quick_sort,44,219,1
bubble_sort,45,984,1
selection_sort,45,990,1
insertion_sort,45,568,1
merge_sort,45,195,1
quick_sort,45,239,1
bubble_sort,46,944,1
selection_sort,46,1035,1
insertion_sort,46,588,1
merge_sort,46,205,1
quick_sort,46,194,1
bubble_sort,47,1071,1
selection_sort,47,1081,1
insertion_sort,47,579,1
merge_sort,47,200,1
quick_sort,47,231,1
bubble_sort,48,1073,1
selection_sort,48,1128,1
insertion_sort,48,595,1
merge_sort,48,214,1
quick_sort,48,224,1
bubble_sort,49,1110,1
selection_sort,49,1176,1
insertion_sort,49,624,1
merge_sort,49,219,1
quick_sort,49,227,1
bubble_sort,50,1222,1
selection_sort,50,1225,1
insertion_sort,50,768,1
merge_sort,50,224,1
quick_sort,50,367,1
bubble_sort,51,1260,1
selection_sort,51,1275,1
insertion_sort,51,726,1
merge_sort,51,228,1
quick_sort,51,313,1
bubble_sort,52,1326,1
selection_sort,52,1326,1
insertion_sort,52,781,1
merge_sort,52,240,1
quick_sort,52,316,1
bubble_sort,53,1273,1
selection_sort,53,1378,1
insertion_sort,53,780,1
merge_sort,53,245,1
quick_sort,53,287,1
bubble_sort,54,1428,1
selection_sort,54,1431,1
insertion_sort,54,777,1
merge_sort,54,242,1
quick_sort,54,281,1
bubble_sort,55,1475,1
selection_sort,55,1485,1
insertion_sort,55,756,1
merge_sort,55,251,1
quick_sort,55,314,1
bubble_sort,56,1485,1
selection_sort,56,1540,1
insertion_sort,56,740,1
merge_sort,56,254,1
quick_sort,56,284,1
bubble_sort,57,1575,1
selection_sort,57,1596,1
insertion_sort,57,915,1
merge_sort,57,256,1
quick_sort,57,290,1
bubble_sort,58,1625,1
selection_sort,58,1653,1
insertion_sort,58,1054,1
merge_sort,58,276,1
quick_sort,58,282,1
bubble_sort,59,1645,1
selection_sort,59,1711,1
insertion_sort,59,881,1
merge_sort,59,269,1
quick_sort,59,284,1
bubble_sort,60,1742,1
selection_sort,60,1770,1
insertion_sort,60,860,1
merge_sort,60,285,1
quick_sort,60,330,1
bubble_sort,61,1640,1
selection_sort,61,1830,1
insertion_sort,61,866,1
merge_sort,61,283,1
quick_sort,61,338,1
bubble_sort,62,1720,1
selection_sort,62,1891,1
insertion_sort,62,1029,1
merge_sort,62,293,1
quick_sort,62,301,1
bubble_sort,63,1943,1
selection_sort,63,1953,1
insertion_sort,63,1021,1
merge_sort,63,299,1
quick_sort,63,390,1
bubble_sort,64,1863,1
selection_sort,64,2016,1
insertion_sort,64,1048,1
merge_sort,64,311,1
quick_sort,64,384,1
bubble_sort,65,2044,1
selection_sort,65,2080,1
insertion_sort,65,1121,1
merge_sort,65,313,1
quick_sort,65,338,1
bubble_sort,66,2100,1
selection_sort,66,2145,1
insertion_sort,66,1169,1
merge_sort,66,322,1
quick_sort,66,328,1
bubble_sort,67,2196,1
selection_sort,67,2211,1
insertion_sort,67,1301,1
merge_sort,67,317,1
quick_sort,67,355,1
bubble_sort,68,2278,1
selection_sort,68,2278,1
insertion_sort,68,1172,1
merge_sort,68,331,1
quick_sort,68,434,1
bubble_sort,69,2346,1
selection_sort,69,2346,1
insertion_sort,69,1402,1
merge_sort,69,337,1
quick_sort,69,412,1
bubble_sort,70,2415,1
selection_sort,70,2415,1
insertion_sort,70,1285,1
merge_sort,70,342,1
quick_sort,70,434,1
bubble_sort,71,2332,1
selection_sort,71,2485,1
insertion_sort,71,1241,1
merge_sort,71,351,1
quick_sort,71,379,1
bubble_sort,72,2528,1
selection_sort,72,2556,1
insertion_sort,72,1472,1
merge_sort,72,363,1
quick_sort,72,420,1
bubble_sort,73,2625,1
selection_sort,73,2628,1
insertion_sort,73,1506,1
merge_sort,73,355,1
quick_sort,73,520,1
bubble_sort,74,2646,1
selection_sort,74,2701,1
insertion_sort,74,1218,1
merge_sort,74,361,1
quick_sort,74,436,1
bubble_sort,75,2760,1
selection_sort,75,2775,1
insertion_sort,75,1369,1
merge_sort,75,376,1
quick_sort,75,435,1
bubble_sort,76,2784,1
selection_sort,76,2850,1
insertion_sort,76,1454,1
merge_sort,76,382,1
quick_sort,76,445,1
bubble_sort,77,2821,1
selection_sort,77,2926,1
insertion_sort,77,1556,1
merge_sort,77,393,1
quick_sort,77,433,1
bubble_sort,78,2958,1
selection_sort,78,3003,1
insertion_sort,78,1547,1
merge_sort,78,402,1
quick_sort,78,402,1
bubble_sort,79,3003,1
selection_sort,79,3081,1
insertion_sort,79,1574,1
merge_sort,79,402,1
quick_sort,79,416,1
bubble_sort,80,3139,1
selection_sort,80,3160,1
insertion_sort,80,1365,1
merge_sort,80,408,1
quick_sort,80,509,1
bubble_sort,81,3185,1
selection_sort,81,3240,1
insertion_sort,81,1758,1
merge_sort,81,400,1
quick_sort,81,456,1
bubble_sort,82,3293,1
selection_sort,82,3321,1
insertion_sort,82,1655,1
merge_sort,82,420,1
quick_sort,82,483,1
bubble_sort,83,3348,1
selection_sort,83,3403,1
insertion_sort,83,1666,1
merge_sort,83,418,1
quick_sort,83,490,1
bubble_sort,84,3486,1
selection_sort,84,3486,1
insertion_sort,84,1836,1
merge_sort,84,440,1
quick_sort,84,569,1
bubble_sort,85,3555,1
selection_sort,85,3570,1
insertion_sort,85,1866,1
merge_sort,85,441,1
quick_sort,85,538,1
bubble_sort,86,3645,1
selection_sort,86,3655,1
insertion_sort,86,1729,1
merge_sort,86,443,1
quick_sort,86,489,1
bubble_sort,87,3488,1
selection_sort,87,3741,1
insertion_sort,87,1843,1
merge_sort,87,446,1
quick_sort,87,508,1
bubble_sort,88,3692,1
selection_sort,88,3828,1
insertion_sort,88,1752,1
merge_sort,88,466,1
quick_sort,88,526,1
bubble_sort,89,3825,1
selection_sort,89,3916,1
insertion_sort,89,1973,1
merge_sort,89,467,1
quick_sort,89,551,1
bubble_sort,90,3990,1
selection_sort,90,4005,1
insertion_sort,90,2050,1
merge_sort,90,473,1
quick_sort,90,522,1
bubble_sort,91,4074,1
selection_sort,91,4095,1
insertion_sort,91,2030,1
merge_sort,91,475,1
quick_sort,91,645,1
bubble_sort,92,4150,1
selection_sort,92,4186,1
insertion_sort,92,1999,1
merge_sort,92,484,1
quick_sort,92,673,1
bubble_sort,93,4272,1
selection_sort,93,4278,1
insertion_sort,93,2354,1
merge_sort,93,489,1
quick_sort,93,658,1
bubble_sort,94,4335,1
selection_sort,94,4371,1
insertion_sort,94,2360,1
merge_sort,94,498,1
quick_sort,94,731,1
bubble_sort,95,4410,1
selection_sort,95,4465,1
insertion_sort,95,2239,1
merge_sort,95,507,1
quick_sort,95,603,1
bubble_sort,96,4532,1
selection_sort,96,4560,1
insertion_sort,96,2302,1
merge_sort,96,519,1
quick_sort,96,564,1
bubble_sort,97,4620,1
selection_sort,97,4656,1
insertion_sort,97,2700,1
merge_sort,97,512,1
quick_sort,97,619,1
bubble_sort,98,4708,1
selection_sort,98,4753,1
insertion_sort,98,2393,1
merge_sort,98,530,1
quick_sort,98,536,1
bubble_sort,99,4796,1
selection_sort,99,4851,1
insertion_sort,99,2574,1
merge_sort,99,539,1
quick_sort,99,558,1
bubble_sort,100,4719,1
selection_sort,100,4950,1
insertion_sort,100,2707,1
merge_sort,100,525,1
quick_sort,100,594,1
bubble_sort,10,45,1
selection_sort,10,45,1
insertion_sort,10,32,1
merge_sort,10,25,1
quick_sort,10,39,1
bubble_sort,11,52,1
selection_sort,11,55,1
insertion_sort,11,39,1
merge_sort,11,28,1
quick_sort,11,24,1
bubble_sort,12,65,1
selection_sort,12,66,1
insertion_sort,12,51,1
merge_sort,12,27,1
quick_sort,12,28,1
bubble_sort,13,57,1
selection_sort,13,78,1
insertion_sort,13,32,1
merge_sort,13,33,1
quick_sort,13,37,1
bubble_sort,14,88,1
selection_sort,14,91,1
insertion_sort,14,53,1
merge_sort,14,37,1
quick_sort,14,36,1
bubble_sort,15,95,1
selection_sort,15,105,1
insertion_sort,15,60,1
merge_sort,15,43,1
quick_sort,15,43,1
bubble_sort,16,119,1
selection_sort,16,120,1
insertion_sort,16,74,1
merge_sort,16,47,1
quick_sort,16,46,1
bubble_sort,17,100,1
selection_sort,17,136,1
insertion_sort,17,69,1
merge_sort,17,49,1
quick_sort,17,70,1
bubble_sort,18,152,1
selection_sort,18,153,1
insertion_sort,18,101,1
merge_sort,18,53,1
quick_sort,18,63,1
bubble_sort,19,168,1
selection_sort,19,171,1
insertion_sort,19,105,1
merge_sort,19,61,1
quick_sort,19,74,1
bubble_sort,20,180,1
selection_sort,20,190,1
insertion_sort,20,108,1
merge_sort,20,66,1
quick_sort,20,69,1
bubble_sort,21,207,1
selection_sort,21,210,1
insertion_sort,21,127,1
merge_sort,21,71,1
quick_sort,21,70,1
bubble_sort,22,228,1
selection_sort,22,231,1
insertion_sort,22,126,1
merge_sort,22,75,1
quick_sort,22,74,1
bubble_sort,23,247,1
selection_sort,23,253,1
insertion_sort,23,160,1
merge_sort,23,77,1
quick_sort,23,79,1
bubble_sort,24,273,1
selection_sort,24,276,1
insertion_sort,24,193,1
merge_sort,24,84,1
quick_sort,24,87,1
bubble_sort,25,279,1
selection_sort,25,300,1
insertion_sort,25,147,1
merge_sort,25,90,1
quick_sort,25,99,1
bubble_sort,26,325,1
selection_sort,26,325,1
insertion_sort,26,199,1
merge_sort,26,88,1
quick_sort,26,118,1
bubble_sort,27,351,1
selection_sort,27,351,1
insertion_sort,27,238,1
merge_sort,27,101,1
quick_sort,27,154,1
bubble_sort,28,357,1
selection_sort,28,378,1
insertion_sort,28,220,1
merge_sort,28,101,1
quick_sort,28,104,1
bubble_sort,29,378,1
selection_sort,29,406,1
insertion_sort,29,210,1
merge_sort,29,106,1
quick_sort,29,131,1
bubble_sort,30,435,1
selection_sort,30,435,1
insertion_sort,30,226,1
merge_sort,30,110,1
quick_sort,30,148,1
bubble_sort,31,459,1
selection_sort,31,465,1
insertion_sort,31,272,1
merge_sort,31,121,1
quick_sort,31,165,1
bubble_sort,32,490,1
selection_sort,32,496,1
insertion_sort,32,296,1
merge_sort,32,121,1
quick_sort,32,132,1
bubble_sort,33,500,1
selection_sort,33,528,1
insertion_sort,33,251,1
merge_sort,33,128,1
quick_sort,33,122,1
bubble_sort,34,558,1
selection_sort,34,561,1
insertion_sort,34,317,1
merge_sort,34,130,1
quick_sort,34,161,1
bubble_sort,35,594,1
selection_sort,35,595,1
insertion_sort,35,304,1
merge_sort,35,140,1
quick_sort,35,178,1
bubble_sort,36,615,1
selection_sort,36,630,1
insertion_sort,36,398,1
merge_sort,36,141,1
quick_sort,36,159,1
bubble_sort,37,663,1
selection_sort,37,666,1
insertion_sort,37,319,1
merge_sort,37,145,1
quick_sort,37,210,1
bubble_sort,38,682,1
selection_sort,38,703,1
insertion_sort,38,406,1
merge_sort,38,157,1
quick_sort,38,156,1
bubble_sort,39,735,1
selection_sort,39,741,1
insertion_sort,39,397,1
merge_sort,39,159,1
quick_sort,39,181,1
bubble_sort,40,714,1
selection_sort,40,780,1
insertion_sort,40,417,1
merge_sort,40,170,1
quick_sort,40,208,1
bubble_sort,41,810,1
selection_sort,41,820,1
insertion_sort,41,431,1
merge_sort,41,167,1
quick_sort,41,184,1
bubble_sort,42,851,1
selection_sort,42,861,1
insertion_sort,42,534,1
merge_sort,42,177,1
quick_sort,42,187,1
bubble_sort,43,858,1
selection_sort,43,903,1
insertion_sort,43,414,1
merge_sort,43,187,1
quick_sort,43,205,1
bubble_sort,44,901,1
selection_sort,44,946,1
insertion_sort,44,512,1
merge_sort,44,186,1
quick_sort,44,215,1
bubble_sort,45,990,1
selection_sort,45,990,1
insertion_sort,45,583,1
merge_sort,45,199,1
quick_sort,45,216,1
bubble_sort,46,1032,1
selection_sort,46,1035,1
insertion_sort,46,597,1
merge_sort,46,207,1
quick_sort,46,224,1
bubble_sort,47,1060,1
selection_sort,47,1081,1
insertion_sort,47,580,1
merge_sort,47,205,1
quick_sort,47,216,1
bubble_sort,48,1092,1
selection_sort,48,1128,1
insertion_sort,48,546,1
merge_sort,48,212,1
quick_sort,48,273,1
bubble_sort,49,1110,1
selection_sort,49,1176,1
insertion_sort,49,660,1
merge_sort,49,219,1
quick_sort,49,224,1
bubble_sort,50,1204,1
selection_sort,50,1225,1
insertion_sort,50,670,1
merge_sort,50,218,1
quick_sort,50,289,1
bubble_sort,51,1155,1
selection_sort,51,1275,1
insertion_sort,51,612,1
merge_sort,51,228,1
quick_sort,51,287,1
bubble_sort,52,1326,1
selection_sort,52,1326,1
insertion_sort,52,666,1
merge_sort,52,241,1
quick_sort,52,281,1
bubble_sort,53,1375,1
selection_sort,53,1378,1
insertion_sort,53,885,1
merge_sort,53,237,1
quick_sort,53,332,1
bubble_sort,54,1386,1
selection_sort,54,1431,1
insertion_sort,54,665,1
merge_sort,54,248,1
quick_sort,54,303,1
bubble_sort,55,1482,1
selection_sort,55,1485,1
insertion_sort,55,815,1
merge_sort,55,254,1
quick_sort,55,313,1
bubble_sort,56,1539,1
selection_sort,56,1540,1
insertion_sort,56,846,1
merge_sort,56,261,1
quick_sort,56,307,1
bubble_sort,57,1505,1
selection_sort,57,1596,1
insertion_sort,57,852,1
merge_sort,57,264,1
quick_sort,57,258,1
bubble_sort,58,1598,1
selection_sort,58,1653,1
insertion_sort,58,872,1
merge_sort,58,265,1
quick_sort,58,277,1
bubble_sort,59,1620,1
selection_sort,59,1711,1
insertion_sort,59,912,1
merge_sort,59,282,1
quick_sort,59,351,1
bubble_sort,60,1755,1
selection_sort,60,1770,1
insertion_sort,60,897,1
merge_sort,60,279,1
quick_sort,60,304,1
bubble_sort,61,1815,1
selection_sort,61,1830,1
insertion_sort,61,901,1
merge_sort,61,292,1
quick_sort,61,329,1
bubble_sort,62,1786,1
selection_sort,62,1891,1
insertion_sort,62,1030,1
merge_sort,62,284,1
quick_sort,62,325,1
bubble_sort,63,1938,1
selection_sort,63,1953,1
insertion_sort,63,1077,1
merge_sort,63,305,1
quick_sort,63,388,1
bubble_sort,64,1863,1
selection_sort,64,2016,1
insertion_sort,64,909,1
merge_sort,64,302,1
quick_sort,64,368,1
bubble_sort,65,2044,1
selection_sort,65,2080,1
insertion_sort,65,1060,1
merge_sort,65,316,1
quick_sort,65,345,1
bubble_sort,66,2117,1
selection_sort,66,2145,1
insertion_sort,66,1097,1
merge_sort,66,318,1
quick_sort,66,391,1
bubble_sort,67,2156,1
selection_sort,67,2211,1
insertion_sort,67,1146,1
merge_sort,67,318,1
quick_sort,67,382,1
bubble_sort,68,2173,1
selection_sort,68,2278,1
insertion_sort,68,1043,1
merge_sort,68,322,1
quick_sort,68,342,1
bubble_sort,69,2301,1
selection_sort,69,2346,1
insertion_sort,69,1241,1
merge_sort,69,339,1
quick_sort,69,364,1
bubble_sort,70,2405,1
selection_sort,70,2415,1
insertion_sort,70,1302,1
merge_sort,70,342,1
quick_sort,70,366,1
bubble_sort,71,2479,1
selection_sort,71,2485,1
insertion_sort,71,1279,1
merge_sort,71,354,1
quick_sort,71,422,1
bubble_sort,72,2556,1
selection_sort,72,2556,1
insertion_sort,72,1419,1
merge_sort,72,360,1
quick_sort,72,472,1
bubble_sort,73,2628,1
selection_sort,73,2628,1
insertion_sort,73,1705,1
merge_sort,73,352,1
quick_sort,73,438,1
bubble_sort,74,2701,1
selection_sort,74,2701,1
insertion_sort,74,1344,1
merge_sort,74,366,1
quick_sort,74,501,1
bubble_sort,75,2730,1
selection_sort,75,2775,1
insertion_sort,75,1447,1
merge_sort,75,372,1
quick_sort,75,459,1
bubble_sort,76,2835,1
selection_sort,76,2850,1
insertion_sort,76,1409,1
merge_sort,76,389,1
quick_sort,76,481,1
bubble_sort,77,2890,1
selection_sort,77,2926,1
insertion_sort,77,1476,1
merge_sort,77,383,1
quick_sort,77,466,1
bubble_sort,78,3000,1
selection_sort,78,3003,1
insertion_sort,78,1570,1
merge_sort,78,401,1
quick_sort,78,485,1
bubble_sort,79,3075,1
selection_sort,79,3081,1
insertion_sort,79,1557,1
merge_sort,79,406,1
quick_sort,79,595,1
bubble_sort,80,3115,1
selection_sort,80,3160,1
insertion_sort,80,1773,1
merge_sort,80,402,1
quick_sort,80,496,1
bubble_sort,81,3219,1
selection_sort,81,3240,1
insertion_sort,81,1686,1
merge_sort,81,416,1
quick_sort,81,484,1
bubble_sort,82,3321,1
selection_sort,82,3321,1
insertion_sort,82,1880,1
merge_sort,82,413,1
quick_sort,82,479,1
bubble_sort,83,3325,1
selection_sort,83,3403,1
insertion_sort,83,1962,1
merge_sort,83,432,1
quick_sort,83,515,1
bubble_sort,84,3465,1
selection_sort,84,3486,1
insertion_sort,84,1811,1
merge_sort,84,434,1
quick_sort,84,505,1
bubble_sort,85,3380,1
selection_sort,85,3570,1
insertion_sort,85,1865,1
merge_sort,85,444,1
quick_sort,85,479,1
bubble_sort,86,3649,1
selection_sort,86,3655,1
insertion_sort,86,1984,1
merge_sort,86,450,1
quick_sort,86,620,1
bubble_sort,87,3531,1
selection_sort,87,3741,1
insertion_sort,87,1636,1
merge_sort,87,459,1
quick_sort,87,496,1
bubble_sort,88,3750,1
selection_sort,88,3828,1
insertion_sort,88,2213,1
merge_sort,88,465,1
quick_sort,88,526,1
bubble_sort,89,3871,1
selection_sort,89,3916,1
insertion_sort,89,2095,1
merge_sort,89,471,1
quick_sort,89,573,1
bubble_sort,90,3914,1
selection_sort,90,4005,1
insertion_sort,90,1871,1
merge_sort,90,473,1
quick_sort,90,611,1
bubble_sort,91,4095,1
selection_sort,91,4095,1
insertion_sort,91,2134,1
merge_sort,91,478,1
quick_sort,91,627,1
bubble_sort,92,4171,1
selection_sort,92,4186,1
insertion_sort,92,2224,1
merge_sort,92,471,1
quick_sort,92,535,1
bubble_sort,93,4223,1
selection_sort,93,4278,1
insertion_sort,93,2423,1
merge_sort,93,501,1
quick_sort,93,702,1
bubble_sort,94,4326,1
selection_sort,94,4371,1
insertion_sort,94,2338,1
merge_sort,94,491,1
quick_sort,94,631,1
bubble_sort,95,4360,1
selection_sort,95,4465,1
insertion_sort,95,2245,1
merge_sort,95,501,1
quick_sort,95,575,1
bubble_sort,96,4235,1
selection_sort,96,4560,1
insertion_sort,96,2368,1
merge_sort,96,512,1
quick_sort,96,579,1
bubble_sort,97,4551,1
selection_sort,97,4656,1
insertion_sort,97,2409,1
merge_sort,97,528,1
quick_sort,97,602,1
bubble_sort,98,4648,1
selection_sort,98,4753,1
insertion_sort,98,2539,1
merge_sort,98,514,1
quick_sort,98,671,1
bubble_sort,99,4815,1
selection_sort,99,4851,1
insertion_sort,99,2604,1
merge_sort,99,541,1
quick_sort,99,697,1
bubble_sort,100,4859,1
selection_sort,100,4950,1
insertion_sort,100,2435,1
merge_sort,100,537,1
quick_sort,100,657,1